Date,Year,Year,MonthName,DayOfMonth,DayOfWeekName,QuarterInCalendar.1
01-07-2017,2017,2017,July,1,Saturday,Q3
02-07-2017,2017,2017,July,2,Sunday,Q3
03-07-2017,2017,2017,July,3,Monday,Q3
04-07-2017,2017,2017,July,4,Tuesday,Q3
05-07-2017,2017,2017,July,5,Wednesday,Q3
06-07-2017,2017,2017,July,6,Thursday,Q3
07-07-2017,2017,2017,July,7,Friday,Q3
08-07-2017,2017,2017,July,8,Saturday,Q3
09-07-2017,2017,2017,July,9,Sunday,Q3
10-07-2017,2017,2017,July,10,Monday,Q3
11-07-2017,2017,2017,July,11,Tuesday,Q3
12-07-2017,2017,2017,July,12,Wednesday,Q3
13-07-2017,2017,2017,July,13,Thursday,Q3
14-07-2017,2017,2017,July,14,Friday,Q3
15-07-2017,2017,2017,July,15,Saturday,Q3
16-07-2017,2017,2017,July,16,Sunday,Q3
17-07-2017,2017,2017,July,17,Monday,Q3
18-07-2017,2017,2017,July,18,Tuesday,Q3
19-07-2017,2017,2017,July,19,Wednesday,Q3
20-07-2017,2017,2017,July,20,Thursday,Q3
21-07-2017,2017,2017,July,21,Friday,Q3
22-07-2017,2017,2017,July,22,Saturday,Q3
23-07-2017,2017,2017,July,23,Sunday,Q3
24-07-2017,2017,2017,July,24,Monday,Q3
25-07-2017,2017,2017,July,25,Tuesday,Q3
26-07-2017,2017,2017,July,26,Wednesday,Q3
27-07-2017,2017,2017,July,27,Thursday,Q3
28-07-2017,2017,2017,July,28,Friday,Q3
29-07-2017,2017,2017,July,29,Saturday,Q3
30-07-2017,2017,2017,July,30,Sunday,Q3
31-07-2017,2017,2017,July,31,Monday,Q3
01-08-2017,2017,2017,August,1,Tuesday,Q3
02-08-2017,2017,2017,August,2,Wednesday,Q3
03-08-2017,2017,2017,August,3,Thursday,Q3
04-08-2017,2017,2017,August,4,Friday,Q3
05-08-2017,2017,2017,August,5,Saturday,Q3
06-08-2017,2017,2017,August,6,Sunday,Q3
07-08-2017,2017,2017,August,7,Monday,Q3
08-08-2017,2017,2017,August,8,Tuesday,Q3
09-08-2017,2017,2017,August,9,Wednesday,Q3
10-08-2017,2017,2017,August,10,Thursday,Q3
11-08-2017,2017,2017,August,11,Friday,Q3
12-08-2017,2017,2017,August,12,Saturday,Q3
13-08-2017,2017,2017,August,13,Sunday,Q3
14-08-2017,2017,2017,August,14,Monday,Q3
15-08-2017,2017,2017,August,15,Tuesday,Q3
16-08-2017,2017,2017,August,16,Wednesday,Q3
17-08-2017,2017,2017,August,17,Thursday,Q3
18-08-2017,2017,2017,August,18,Friday,Q3
19-08-2017,2017,2017,August,19,Saturday,Q3
20-08-2017,2017,2017,August,20,Sunday,Q3
21-08-2017,2017,2017,August,21,Monday,Q3
22-08-2017,2017,2017,August,22,Tuesday,Q3
23-08-2017,2017,2017,August,23,Wednesday,Q3
24-08-2017,2017,2017,August,24,Thursday,Q3
25-08-2017,2017,2017,August,25,Friday,Q3
26-08-2017,2017,2017,August,26,Saturday,Q3
27-08-2017,2017,2017,August,27,Sunday,Q3
28-08-2017,2017,2017,August,28,Monday,Q3
29-08-2017,2017,2017,August,29,Tuesday,Q3
30-08-2017,2017,2017,August,30,Wednesday,Q3
31-08-2017,2017,2017,August,31,Thursday,Q3
01-09-2017,2017,2017,September,1,Friday,Q3
02-09-2017,2017,2017,September,2,Saturday,Q3
03-09-2017,2017,2017,September,3,Sunday,Q3
04-09-2017,2017,2017,September,4,Monday,Q3
05-09-2017,2017,2017,September,5,Tuesday,Q3
06-09-2017,2017,2017,September,6,Wednesday,Q3
07-09-2017,2017,2017,September,7,Thursday,Q3
08-09-2017,2017,2017,September,8,Friday,Q3
09-09-2017,2017,2017,September,9,Saturday,Q3
10-09-2017,2017,2017,September,10,Sunday,Q3
11-09-2017,2017,2017,September,11,Monday,Q3
12-09-2017,2017,2017,September,12,Tuesday,Q3
13-09-2017,2017,2017,September,13,Wednesday,Q3
14-09-2017,2017,2017,September,14,Thursday,Q3
15-09-2017,2017,2017,September,15,Friday,Q3
16-09-2017,2017,2017,September,16,Saturday,Q3
17-09-2017,2017,2017,September,17,Sunday,Q3
18-09-2017,2017,2017,September,18,Monday,Q3
19-09-2017,2017,2017,September,19,Tuesday,Q3
20-09-2017,2017,2017,September,20,Wednesday,Q3
21-09-2017,2017,2017,September,21,Thursday,Q3
22-09-2017,2017,2017,September,22,Friday,Q3
23-09-2017,2017,2017,September,23,Saturday,Q3
24-09-2017,2017,2017,September,24,Sunday,Q3
25-09-2017,2017,2017,September,25,Monday,Q3
26-09-2017,2017,2017,September,26,Tuesday,Q3
27-09-2017,2017,2017,September,27,Wednesday,Q3
28-09-2017,2017,2017,September,28,Thursday,Q3
29-09-2017,2017,2017,September,29,Friday,Q3
30-09-2017,2017,2017,September,30,Saturday,Q3
01-04-2017,2017,2017,April,1,Saturday,Q2
02-04-2017,2017,2017,April,2,Sunday,Q2
03-04-2017,2017,2017,April,3,Monday,Q2
04-04-2017,2017,2017,April,4,Tuesday,Q2
05-04-2017,2017,2017,April,5,Wednesday,Q2
06-04-2017,2017,2017,April,6,Thursday,Q2
07-04-2017,2017,2017,April,7,Friday,Q2
08-04-2017,2017,2017,April,8,Saturday,Q2
09-04-2017,2017,2017,April,9,Sunday,Q2
10-04-2017,2017,2017,April,10,Monday,Q2
11-04-2017,2017,2017,April,11,Tuesday,Q2
12-04-2017,2017,2017,April,12,Wednesday,Q2
13-04-2017,2017,2017,April,13,Thursday,Q2
14-04-2017,2017,2017,April,14,Friday,Q2
15-04-2017,2017,2017,April,15,Saturday,Q2
16-04-2017,2017,2017,April,16,Sunday,Q2
17-04-2017,2017,2017,April,17,Monday,Q2
18-04-2017,2017,2017,April,18,Tuesday,Q2
19-04-2017,2017,2017,April,19,Wednesday,Q2
20-04-2017,2017,2017,April,20,Thursday,Q2
21-04-2017,2017,2017,April,21,Friday,Q2
22-04-2017,2017,2017,April,22,Saturday,Q2
23-04-2017,2017,2017,April,23,Sunday,Q2
24-04-2017,2017,2017,April,24,Monday,Q2
25-04-2017,2017,2017,April,25,Tuesday,Q2
26-04-2017,2017,2017,April,26,Wednesday,Q2
27-04-2017,2017,2017,April,27,Thursday,Q2
28-04-2017,2017,2017,April,28,Friday,Q2
29-04-2017,2017,2017,April,29,Saturday,Q2
30-04-2017,2017,2017,April,30,Sunday,Q2
01-05-2017,2017,2017,May,1,Monday,Q2
02-05-2017,2017,2017,May,2,Tuesday,Q2
03-05-2017,2017,2017,May,3,Wednesday,Q2
04-05-2017,2017,2017,May,4,Thursday,Q2
05-05-2017,2017,2017,May,5,Friday,Q2
06-05-2017,2017,2017,May,6,Saturday,Q2
07-05-2017,2017,2017,May,7,Sunday,Q2
08-05-2017,2017,2017,May,8,Monday,Q2
09-05-2017,2017,2017,May,9,Tuesday,Q2
10-05-2017,2017,2017,May,10,Wednesday,Q2
11-05-2017,2017,2017,May,11,Thursday,Q2
12-05-2017,2017,2017,May,12,Friday,Q2
13-05-2017,2017,2017,May,13,Saturday,Q2
14-05-2017,2017,2017,May,14,Sunday,Q2
15-05-2017,2017,2017,May,15,Monday,Q2
16-05-2017,2017,2017,May,16,Tuesday,Q2
17-05-2017,2017,2017,May,17,Wednesday,Q2
18-05-2017,2017,2017,May,18,Thursday,Q2
19-05-2017,2017,2017,May,19,Friday,Q2
20-05-2017,2017,2017,May,20,Saturday,Q2
21-05-2017,2017,2017,May,21,Sunday,Q2
22-05-2017,2017,2017,May,22,Monday,Q2
23-05-2017,2017,2017,May,23,Tuesday,Q2
24-05-2017,2017,2017,May,24,Wednesday,Q2
25-05-2017,2017,2017,May,25,Thursday,Q2
26-05-2017,2017,2017,May,26,Friday,Q2
27-05-2017,2017,2017,May,27,Saturday,Q2
28-05-2017,2017,2017,May,28,Sunday,Q2
29-05-2017,2017,2017,May,29,Monday,Q2
30-05-2017,2017,2017,May,30,Tuesday,Q2
31-05-2017,2017,2017,May,31,Wednesday,Q2
01-06-2017,2017,2017,June,1,Thursday,Q2
02-06-2017,2017,2017,June,2,Friday,Q2
03-06-2017,2017,2017,June,3,Saturday,Q2
04-06-2017,2017,2017,June,4,Sunday,Q2
05-06-2017,2017,2017,June,5,Monday,Q2
06-06-2017,2017,2017,June,6,Tuesday,Q2
07-06-2017,2017,2017,June,7,Wednesday,Q2
08-06-2017,2017,2017,June,8,Thursday,Q2
09-06-2017,2017,2017,June,9,Friday,Q2
10-06-2017,2017,2017,June,10,Saturday,Q2
11-06-2017,2017,2017,June,11,Sunday,Q2
12-06-2017,2017,2017,June,12,Monday,Q2
13-06-2017,2017,2017,June,13,Tuesday,Q2
14-06-2017,2017,2017,June,14,Wednesday,Q2
15-06-2017,2017,2017,June,15,Thursday,Q2
16-06-2017,2017,2017,June,16,Friday,Q2
17-06-2017,2017,2017,June,17,Saturday,Q2
18-06-2017,2017,2017,June,18,Sunday,Q2
19-06-2017,2017,2017,June,19,Monday,Q2
20-06-2017,2017,2017,June,20,Tuesday,Q2
21-06-2017,2017,2017,June,21,Wednesday,Q2
22-06-2017,2017,2017,June,22,Thursday,Q2
23-06-2017,2017,2017,June,23,Friday,Q2
24-06-2017,2017,2017,June,24,Saturday,Q2
25-06-2017,2017,2017,June,25,Sunday,Q2
26-06-2017,2017,2017,June,26,Monday,Q2
27-06-2017,2017,2017,June,27,Tuesday,Q2
28-06-2017,2017,2017,June,28,Wednesday,Q2
29-06-2017,2017,2017,June,29,Thursday,Q2
30-06-2017,2017,2017,June,30,Friday,Q2
01-10-2017,2017,2017,October,1,Sunday,Q4
02-10-2017,2017,2017,October,2,Monday,Q4
03-10-2017,2017,2017,October,3,Tuesday,Q4
04-10-2017,2017,2017,October,4,Wednesday,Q4
05-10-2017,2017,2017,October,5,Thursday,Q4
06-10-2017,2017,2017,October,6,Friday,Q4
07-10-2017,2017,2017,October,7,Saturday,Q4
08-10-2017,2017,2017,October,8,Sunday,Q4
09-10-2017,2017,2017,October,9,Monday,Q4
10-10-2017,2017,2017,October,10,Tuesday,Q4
11-10-2017,2017,2017,October,11,Wednesday,Q4
12-10-2017,2017,2017,October,12,Thursday,Q4
13-10-2017,2017,2017,October,13,Friday,Q4
14-10-2017,2017,2017,October,14,Saturday,Q4
15-10-2017,2017,2017,October,15,Sunday,Q4
16-10-2017,2017,2017,October,16,Monday,Q4
17-10-2017,2017,2017,October,17,Tuesday,Q4
18-10-2017,2017,2017,October,18,Wednesday,Q4
19-10-2017,2017,2017,October,19,Thursday,Q4
20-10-2017,2017,2017,October,20,Friday,Q4
21-10-2017,2017,2017,October,21,Saturday,Q4
22-10-2017,2017,2017,October,22,Sunday,Q4
23-10-2017,2017,2017,October,23,Monday,Q4
24-10-2017,2017,2017,October,24,Tuesday,Q4
25-10-2017,2017,2017,October,25,Wednesday,Q4
26-10-2017,2017,2017,October,26,Thursday,Q4
27-10-2017,2017,2017,October,27,Friday,Q4
28-10-2017,2017,2017,October,28,Saturday,Q4
29-10-2017,2017,2017,October,29,Sunday,Q4
30-10-2017,2017,2017,October,30,Monday,Q4
31-10-2017,2017,2017,October,31,Tuesday,Q4
01-11-2017,2017,2017,November,1,Wednesday,Q4
02-11-2017,2017,2017,November,2,Thursday,Q4
03-11-2017,2017,2017,November,3,Friday,Q4
04-11-2017,2017,2017,November,4,Saturday,Q4
05-11-2017,2017,2017,November,5,Sunday,Q4
06-11-2017,2017,2017,November,6,Monday,Q4
07-11-2017,2017,2017,November,7,Tuesday,Q4
08-11-2017,2017,2017,November,8,Wednesday,Q4
09-11-2017,2017,2017,November,9,Thursday,Q4
10-11-2017,2017,2017,November,10,Friday,Q4
11-11-2017,2017,2017,November,11,Saturday,Q4
12-11-2017,2017,2017,November,12,Sunday,Q4
13-11-2017,2017,2017,November,13,Monday,Q4
14-11-2017,2017,2017,November,14,Tuesday,Q4
15-11-2017,2017,2017,November,15,Wednesday,Q4
16-11-2017,2017,2017,November,16,Thursday,Q4
17-11-2017,2017,2017,November,17,Friday,Q4
18-11-2017,2017,2017,November,18,Saturday,Q4
19-11-2017,2017,2017,November,19,Sunday,Q4
20-11-2017,2017,2017,November,20,Monday,Q4
21-11-2017,2017,2017,November,21,Tuesday,Q4
22-11-2017,2017,2017,November,22,Wednesday,Q4
23-11-2017,2017,2017,November,23,Thursday,Q4
24-11-2017,2017,2017,November,24,Friday,Q4
25-11-2017,2017,2017,November,25,Saturday,Q4
26-11-2017,2017,2017,November,26,Sunday,Q4
27-11-2017,2017,2017,November,27,Monday,Q4
28-11-2017,2017,2017,November,28,Tuesday,Q4
29-11-2017,2017,2017,November,29,Wednesday,Q4
30-11-2017,2017,2017,November,30,Thursday,Q4
01-12-2017,2017,2017,December,1,Friday,Q4
02-12-2017,2017,2017,December,2,Saturday,Q4
03-12-2017,2017,2017,December,3,Sunday,Q4
04-12-2017,2017,2017,December,4,Monday,Q4
05-12-2017,2017,2017,December,5,Tuesday,Q4
06-12-2017,2017,2017,December,6,Wednesday,Q4
07-12-2017,2017,2017,December,7,Thursday,Q4
08-12-2017,2017,2017,December,8,Friday,Q4
09-12-2017,2017,2017,December,9,Saturday,Q4
10-12-2017,2017,2017,December,10,Sunday,Q4
11-12-2017,2017,2017,December,11,Monday,Q4
12-12-2017,2017,2017,December,12,Tuesday,Q4
13-12-2017,2017,2017,December,13,Wednesday,Q4
14-12-2017,2017,2017,December,14,Thursday,Q4
15-12-2017,2017,2017,December,15,Friday,Q4
16-12-2017,2017,2017,December,16,Saturday,Q4
17-12-2017,2017,2017,December,17,Sunday,Q4
18-12-2017,2017,2017,December,18,Monday,Q4
19-12-2017,2017,2017,December,19,Tuesday,Q4
20-12-2017,2017,2017,December,20,Wednesday,Q4
21-12-2017,2017,2017,December,21,Thursday,Q4
22-12-2017,2017,2017,December,22,Friday,Q4
23-12-2017,2017,2017,December,23,Saturday,Q4
24-12-2017,2017,2017,December,24,Sunday,Q4
25-12-2017,2017,2017,December,25,Monday,Q4
26-12-2017,2017,2017,December,26,Tuesday,Q4
27-12-2017,2017,2017,December,27,Wednesday,Q4
28-12-2017,2017,2017,December,28,Thursday,Q4
29-12-2017,2017,2017,December,29,Friday,Q4
30-12-2017,2017,2017,December,30,Saturday,Q4
31-12-2017,2017,2017,December,31,Sunday,Q4
01-01-2017,2017,2017,January,1,Sunday,Q1
02-01-2017,2017,2017,January,2,Monday,Q1
03-01-2017,2017,2017,January,3,Tuesday,Q1
04-01-2017,2017,2017,January,4,Wednesday,Q1
05-01-2017,2017,2017,January,5,Thursday,Q1
06-01-2017,2017,2017,January,6,Friday,Q1
07-01-2017,2017,2017,January,7,Saturday,Q1
08-01-2017,2017,2017,January,8,Sunday,Q1
09-01-2017,2017,2017,January,9,Monday,Q1
10-01-2017,2017,2017,January,10,Tuesday,Q1
11-01-2017,2017,2017,January,11,Wednesday,Q1
12-01-2017,2017,2017,January,12,Thursday,Q1
13-01-2017,2017,2017,January,13,Friday,Q1
14-01-2017,2017,2017,January,14,Saturday,Q1
15-01-2017,2017,2017,January,15,Sunday,Q1
16-01-2017,2017,2017,January,16,Monday,Q1
17-01-2017,2017,2017,January,17,Tuesday,Q1
18-01-2017,2017,2017,January,18,Wednesday,Q1
19-01-2017,2017,2017,January,19,Thursday,Q1
20-01-2017,2017,2017,January,20,Friday,Q1
21-01-2017,2017,2017,January,21,Saturday,Q1
22-01-2017,2017,2017,January,22,Sunday,Q1
23-01-2017,2017,2017,January,23,Monday,Q1
24-01-2017,2017,2017,January,24,Tuesday,Q1
25-01-2017,2017,2017,January,25,Wednesday,Q1
26-01-2017,2017,2017,January,26,Thursday,Q1
27-01-2017,2017,2017,January,27,Friday,Q1
28-01-2017,2017,2017,January,28,Saturday,Q1
29-01-2017,2017,2017,January,29,Sunday,Q1
30-01-2017,2017,2017,January,30,Monday,Q1
31-01-2017,2017,2017,January,31,Tuesday,Q1
01-02-2017,2017,2017,February,1,Wednesday,Q1
02-02-2017,2017,2017,February,2,Thursday,Q1
03-02-2017,2017,2017,February,3,Friday,Q1
04-02-2017,2017,2017,February,4,Saturday,Q1
05-02-2017,2017,2017,February,5,Sunday,Q1
06-02-2017,2017,2017,February,6,Monday,Q1
07-02-2017,2017,2017,February,7,Tuesday,Q1
08-02-2017,2017,2017,February,8,Wednesday,Q1
09-02-2017,2017,2017,February,9,Thursday,Q1
10-02-2017,2017,2017,February,10,Friday,Q1
11-02-2017,2017,2017,February,11,Saturday,Q1
12-02-2017,2017,2017,February,12,Sunday,Q1
13-02-2017,2017,2017,February,13,Monday,Q1
14-02-2017,2017,2017,February,14,Tuesday,Q1
15-02-2017,2017,2017,February,15,Wednesday,Q1
16-02-2017,2017,2017,February,16,Thursday,Q1
17-02-2017,2017,2017,February,17,Friday,Q1
18-02-2017,2017,2017,February,18,Saturday,Q1
19-02-2017,2017,2017,February,19,Sunday,Q1
20-02-2017,2017,2017,February,20,Monday,Q1
21-02-2017,2017,2017,February,21,Tuesday,Q1
22-02-2017,2017,2017,February,22,Wednesday,Q1
23-02-2017,2017,2017,February,23,Thursday,Q1
24-02-2017,2017,2017,February,24,Friday,Q1
25-02-2017,2017,2017,February,25,Saturday,Q1
26-02-2017,2017,2017,February,26,Sunday,Q1
27-02-2017,2017,2017,February,27,Monday,Q1
28-02-2017,2017,2017,February,28,Tuesday,Q1
01-03-2017,2017,2017,March,1,Wednesday,Q1
02-03-2017,2017,2017,March,2,Thursday,Q1
03-03-2017,2017,2017,March,3,Friday,Q1
04-03-2017,2017,2017,March,4,Saturday,Q1
05-03-2017,2017,2017,March,5,Sunday,Q1
06-03-2017,2017,2017,March,6,Monday,Q1
07-03-2017,2017,2017,March,7,Tuesday,Q1
08-03-2017,2017,2017,March,8,Wednesday,Q1
09-03-2017,2017,2017,March,9,Thursday,Q1
10-03-2017,2017,2017,March,10,Friday,Q1
11-03-2017,2017,2017,March,11,Saturday,Q1
12-03-2017,2017,2017,March,12,Sunday,Q1
13-03-2017,2017,2017,March,13,Monday,Q1
14-03-2017,2017,2017,March,14,Tuesday,Q1
15-03-2017,2017,2017,March,15,Wednesday,Q1
16-03-2017,2017,2017,March,16,Thursday,Q1
17-03-2017,2017,2017,March,17,Friday,Q1
18-03-2017,2017,2017,March,18,Saturday,Q1
19-03-2017,2017,2017,March,19,Sunday,Q1
20-03-2017,2017,2017,March,20,Monday,Q1
21-03-2017,2017,2017,March,21,Tuesday,Q1
22-03-2017,2017,2017,March,22,Wednesday,Q1
23-03-2017,2017,2017,March,23,Thursday,Q1
24-03-2017,2017,2017,March,24,Friday,Q1
25-03-2017,2017,2017,March,25,Saturday,Q1
26-03-2017,2017,2017,March,26,Sunday,Q1
27-03-2017,2017,2017,March,27,Monday,Q1
28-03-2017,2017,2017,March,28,Tuesday,Q1
29-03-2017,2017,2017,March,29,Wednesday,Q1
30-03-2017,2017,2017,March,30,Thursday,Q1
31-03-2017,2017,2017,March,31,Friday,Q1
01-01-2018,2018,2018,January,1,Monday,Q1
02-01-2018,2018,2018,January,2,Tuesday,Q1
03-01-2018,2018,2018,January,3,Wednesday,Q1
04-01-2018,2018,2018,January,4,Thursday,Q1
05-01-2018,2018,2018,January,5,Friday,Q1
06-01-2018,2018,2018,January,6,Saturday,Q1
07-01-2018,2018,2018,January,7,Sunday,Q1
08-01-2018,2018,2018,January,8,Monday,Q1
09-01-2018,2018,2018,January,9,Tuesday,Q1
10-01-2018,2018,2018,January,10,Wednesday,Q1
11-01-2018,2018,2018,January,11,Thursday,Q1
12-01-2018,2018,2018,January,12,Friday,Q1
13-01-2018,2018,2018,January,13,Saturday,Q1
14-01-2018,2018,2018,January,14,Sunday,Q1
15-01-2018,2018,2018,January,15,Monday,Q1
16-01-2018,2018,2018,January,16,Tuesday,Q1
17-01-2018,2018,2018,January,17,Wednesday,Q1
18-01-2018,2018,2018,January,18,Thursday,Q1
19-01-2018,2018,2018,January,19,Friday,Q1
20-01-2018,2018,2018,January,20,Saturday,Q1
21-01-2018,2018,2018,January,21,Sunday,Q1
22-01-2018,2018,2018,January,22,Monday,Q1
23-01-2018,2018,2018,January,23,Tuesday,Q1
24-01-2018,2018,2018,January,24,Wednesday,Q1
25-01-2018,2018,2018,January,25,Thursday,Q1
26-01-2018,2018,2018,January,26,Friday,Q1
27-01-2018,2018,2018,January,27,Saturday,Q1
28-01-2018,2018,2018,January,28,Sunday,Q1
29-01-2018,2018,2018,January,29,Monday,Q1
30-01-2018,2018,2018,January,30,Tuesday,Q1
31-01-2018,2018,2018,January,31,Wednesday,Q1
01-02-2018,2018,2018,February,1,Thursday,Q1
02-02-2018,2018,2018,February,2,Friday,Q1
03-02-2018,2018,2018,February,3,Saturday,Q1
04-02-2018,2018,2018,February,4,Sunday,Q1
05-02-2018,2018,2018,February,5,Monday,Q1
06-02-2018,2018,2018,February,6,Tuesday,Q1
07-02-2018,2018,2018,February,7,Wednesday,Q1
08-02-2018,2018,2018,February,8,Thursday,Q1
09-02-2018,2018,2018,February,9,Friday,Q1
10-02-2018,2018,2018,February,10,Saturday,Q1
11-02-2018,2018,2018,February,11,Sunday,Q1
12-02-2018,2018,2018,February,12,Monday,Q1
13-02-2018,2018,2018,February,13,Tuesday,Q1
14-02-2018,2018,2018,February,14,Wednesday,Q1
15-02-2018,2018,2018,February,15,Thursday,Q1
16-02-2018,2018,2018,February,16,Friday,Q1
17-02-2018,2018,2018,February,17,Saturday,Q1
18-02-2018,2018,2018,February,18,Sunday,Q1
19-02-2018,2018,2018,February,19,Monday,Q1
20-02-2018,2018,2018,February,20,Tuesday,Q1
21-02-2018,2018,2018,February,21,Wednesday,Q1
22-02-2018,2018,2018,February,22,Thursday,Q1
23-02-2018,2018,2018,February,23,Friday,Q1
24-02-2018,2018,2018,February,24,Saturday,Q1
25-02-2018,2018,2018,February,25,Sunday,Q1
26-02-2018,2018,2018,February,26,Monday,Q1
27-02-2018,2018,2018,February,27,Tuesday,Q1
28-02-2018,2018,2018,February,28,Wednesday,Q1
01-03-2018,2018,2018,March,1,Thursday,Q1
02-03-2018,2018,2018,March,2,Friday,Q1
03-03-2018,2018,2018,March,3,Saturday,Q1
04-03-2018,2018,2018,March,4,Sunday,Q1
05-03-2018,2018,2018,March,5,Monday,Q1
06-03-2018,2018,2018,March,6,Tuesday,Q1
07-03-2018,2018,2018,March,7,Wednesday,Q1
08-03-2018,2018,2018,March,8,Thursday,Q1
09-03-2018,2018,2018,March,9,Friday,Q1
10-03-2018,2018,2018,March,10,Saturday,Q1
11-03-2018,2018,2018,March,11,Sunday,Q1
12-03-2018,2018,2018,March,12,Monday,Q1
13-03-2018,2018,2018,March,13,Tuesday,Q1
14-03-2018,2018,2018,March,14,Wednesday,Q1
15-03-2018,2018,2018,March,15,Thursday,Q1
16-03-2018,2018,2018,March,16,Friday,Q1
17-03-2018,2018,2018,March,17,Saturday,Q1
18-03-2018,2018,2018,March,18,Sunday,Q1
19-03-2018,2018,2018,March,19,Monday,Q1
20-03-2018,2018,2018,March,20,Tuesday,Q1
21-03-2018,2018,2018,March,21,Wednesday,Q1
22-03-2018,2018,2018,March,22,Thursday,Q1
23-03-2018,2018,2018,March,23,Friday,Q1
24-03-2018,2018,2018,March,24,Saturday,Q1
25-03-2018,2018,2018,March,25,Sunday,Q1
26-03-2018,2018,2018,March,26,Monday,Q1
27-03-2018,2018,2018,March,27,Tuesday,Q1
28-03-2018,2018,2018,March,28,Wednesday,Q1
29-03-2018,2018,2018,March,29,Thursday,Q1
30-03-2018,2018,2018,March,30,Friday,Q1
31-03-2018,2018,2018,March,31,Saturday,Q1
01-10-2018,2018,2018,October,1,Monday,Q4
02-10-2018,2018,2018,October,2,Tuesday,Q4
03-10-2018,2018,2018,October,3,Wednesday,Q4
04-10-2018,2018,2018,October,4,Thursday,Q4
05-10-2018,2018,2018,October,5,Friday,Q4
06-10-2018,2018,2018,October,6,Saturday,Q4
07-10-2018,2018,2018,October,7,Sunday,Q4
08-10-2018,2018,2018,October,8,Monday,Q4
09-10-2018,2018,2018,October,9,Tuesday,Q4
10-10-2018,2018,2018,October,10,Wednesday,Q4
11-10-2018,2018,2018,October,11,Thursday,Q4
12-10-2018,2018,2018,October,12,Friday,Q4
13-10-2018,2018,2018,October,13,Saturday,Q4
14-10-2018,2018,2018,October,14,Sunday,Q4
15-10-2018,2018,2018,October,15,Monday,Q4
16-10-2018,2018,2018,October,16,Tuesday,Q4
17-10-2018,2018,2018,October,17,Wednesday,Q4
18-10-2018,2018,2018,October,18,Thursday,Q4
19-10-2018,2018,2018,October,19,Friday,Q4
20-10-2018,2018,2018,October,20,Saturday,Q4
21-10-2018,2018,2018,October,21,Sunday,Q4
22-10-2018,2018,2018,October,22,Monday,Q4
23-10-2018,2018,2018,October,23,Tuesday,Q4
24-10-2018,2018,2018,October,24,Wednesday,Q4
25-10-2018,2018,2018,October,25,Thursday,Q4
26-10-2018,2018,2018,October,26,Friday,Q4
27-10-2018,2018,2018,October,27,Saturday,Q4
28-10-2018,2018,2018,October,28,Sunday,Q4
29-10-2018,2018,2018,October,29,Monday,Q4
30-10-2018,2018,2018,October,30,Tuesday,Q4
31-10-2018,2018,2018,October,31,Wednesday,Q4
01-11-2018,2018,2018,November,1,Thursday,Q4
02-11-2018,2018,2018,November,2,Friday,Q4
03-11-2018,2018,2018,November,3,Saturday,Q4
04-11-2018,2018,2018,November,4,Sunday,Q4
05-11-2018,2018,2018,November,5,Monday,Q4
06-11-2018,2018,2018,November,6,Tuesday,Q4
07-11-2018,2018,2018,November,7,Wednesday,Q4
08-11-2018,2018,2018,November,8,Thursday,Q4
09-11-2018,2018,2018,November,9,Friday,Q4
10-11-2018,2018,2018,November,10,Saturday,Q4
11-11-2018,2018,2018,November,11,Sunday,Q4
12-11-2018,2018,2018,November,12,Monday,Q4
13-11-2018,2018,2018,November,13,Tuesday,Q4
14-11-2018,2018,2018,November,14,Wednesday,Q4
15-11-2018,2018,2018,November,15,Thursday,Q4
16-11-2018,2018,2018,November,16,Friday,Q4
17-11-2018,2018,2018,November,17,Saturday,Q4
18-11-2018,2018,2018,November,18,Sunday,Q4
19-11-2018,2018,2018,November,19,Monday,Q4
20-11-2018,2018,2018,November,20,Tuesday,Q4
21-11-2018,2018,2018,November,21,Wednesday,Q4
22-11-2018,2018,2018,November,22,Thursday,Q4
23-11-2018,2018,2018,November,23,Friday,Q4
24-11-2018,2018,2018,November,24,Saturday,Q4
25-11-2018,2018,2018,November,25,Sunday,Q4
26-11-2018,2018,2018,November,26,Monday,Q4
27-11-2018,2018,2018,November,27,Tuesday,Q4
28-11-2018,2018,2018,November,28,Wednesday,Q4
29-11-2018,2018,2018,November,29,Thursday,Q4
30-11-2018,2018,2018,November,30,Friday,Q4
01-12-2018,2018,2018,December,1,Saturday,Q4
02-12-2018,2018,2018,December,2,Sunday,Q4
03-12-2018,2018,2018,December,3,Monday,Q4
04-12-2018,2018,2018,December,4,Tuesday,Q4
05-12-2018,2018,2018,December,5,Wednesday,Q4
06-12-2018,2018,2018,December,6,Thursday,Q4
07-12-2018,2018,2018,December,7,Friday,Q4
08-12-2018,2018,2018,December,8,Saturday,Q4
09-12-2018,2018,2018,December,9,Sunday,Q4
10-12-2018,2018,2018,December,10,Monday,Q4
11-12-2018,2018,2018,December,11,Tuesday,Q4
12-12-2018,2018,2018,December,12,Wednesday,Q4
13-12-2018,2018,2018,December,13,Thursday,Q4
14-12-2018,2018,2018,December,14,Friday,Q4
15-12-2018,2018,2018,December,15,Saturday,Q4
16-12-2018,2018,2018,December,16,Sunday,Q4
17-12-2018,2018,2018,December,17,Monday,Q4
18-12-2018,2018,2018,December,18,Tuesday,Q4
19-12-2018,2018,2018,December,19,Wednesday,Q4
20-12-2018,2018,2018,December,20,Thursday,Q4
21-12-2018,2018,2018,December,21,Friday,Q4
22-12-2018,2018,2018,December,22,Saturday,Q4
23-12-2018,2018,2018,December,23,Sunday,Q4
24-12-2018,2018,2018,December,24,Monday,Q4
25-12-2018,2018,2018,December,25,Tuesday,Q4
26-12-2018,2018,2018,December,26,Wednesday,Q4
27-12-2018,2018,2018,December,27,Thursday,Q4
28-12-2018,2018,2018,December,28,Friday,Q4
29-12-2018,2018,2018,December,29,Saturday,Q4
30-12-2018,2018,2018,December,30,Sunday,Q4
31-12-2018,2018,2018,December,31,Monday,Q4
01-04-2018,2018,2018,April,1,Sunday,Q2
02-04-2018,2018,2018,April,2,Monday,Q2
03-04-2018,2018,2018,April,3,Tuesday,Q2
04-04-2018,2018,2018,April,4,Wednesday,Q2
05-04-2018,2018,2018,April,5,Thursday,Q2
06-04-2018,2018,2018,April,6,Friday,Q2
07-04-2018,2018,2018,April,7,Saturday,Q2
08-04-2018,2018,2018,April,8,Sunday,Q2
09-04-2018,2018,2018,April,9,Monday,Q2
10-04-2018,2018,2018,April,10,Tuesday,Q2
11-04-2018,2018,2018,April,11,Wednesday,Q2
12-04-2018,2018,2018,April,12,Thursday,Q2
13-04-2018,2018,2018,April,13,Friday,Q2
14-04-2018,2018,2018,April,14,Saturday,Q2
15-04-2018,2018,2018,April,15,Sunday,Q2
16-04-2018,2018,2018,April,16,Monday,Q2
17-04-2018,2018,2018,April,17,Tuesday,Q2
18-04-2018,2018,2018,April,18,Wednesday,Q2
19-04-2018,2018,2018,April,19,Thursday,Q2
20-04-2018,2018,2018,April,20,Friday,Q2
21-04-2018,2018,2018,April,21,Saturday,Q2
22-04-2018,2018,2018,April,22,Sunday,Q2
23-04-2018,2018,2018,April,23,Monday,Q2
24-04-2018,2018,2018,April,24,Tuesday,Q2
25-04-2018,2018,2018,April,25,Wednesday,Q2
26-04-2018,2018,2018,April,26,Thursday,Q2
27-04-2018,2018,2018,April,27,Friday,Q2
28-04-2018,2018,2018,April,28,Saturday,Q2
29-04-2018,2018,2018,April,29,Sunday,Q2
30-04-2018,2018,2018,April,30,Monday,Q2
01-05-2018,2018,2018,May,1,Tuesday,Q2
02-05-2018,2018,2018,May,2,Wednesday,Q2
03-05-2018,2018,2018,May,3,Thursday,Q2
04-05-2018,2018,2018,May,4,Friday,Q2
05-05-2018,2018,2018,May,5,Saturday,Q2
06-05-2018,2018,2018,May,6,Sunday,Q2
07-05-2018,2018,2018,May,7,Monday,Q2
08-05-2018,2018,2018,May,8,Tuesday,Q2
09-05-2018,2018,2018,May,9,Wednesday,Q2
10-05-2018,2018,2018,May,10,Thursday,Q2
11-05-2018,2018,2018,May,11,Friday,Q2
12-05-2018,2018,2018,May,12,Saturday,Q2
13-05-2018,2018,2018,May,13,Sunday,Q2
14-05-2018,2018,2018,May,14,Monday,Q2
15-05-2018,2018,2018,May,15,Tuesday,Q2
16-05-2018,2018,2018,May,16,Wednesday,Q2
17-05-2018,2018,2018,May,17,Thursday,Q2
18-05-2018,2018,2018,May,18,Friday,Q2
19-05-2018,2018,2018,May,19,Saturday,Q2
20-05-2018,2018,2018,May,20,Sunday,Q2
21-05-2018,2018,2018,May,21,Monday,Q2
22-05-2018,2018,2018,May,22,Tuesday,Q2
23-05-2018,2018,2018,May,23,Wednesday,Q2
24-05-2018,2018,2018,May,24,Thursday,Q2
25-05-2018,2018,2018,May,25,Friday,Q2
26-05-2018,2018,2018,May,26,Saturday,Q2
27-05-2018,2018,2018,May,27,Sunday,Q2
28-05-2018,2018,2018,May,28,Monday,Q2
29-05-2018,2018,2018,May,29,Tuesday,Q2
30-05-2018,2018,2018,May,30,Wednesday,Q2
31-05-2018,2018,2018,May,31,Thursday,Q2
01-06-2018,2018,2018,June,1,Friday,Q2
02-06-2018,2018,2018,June,2,Saturday,Q2
03-06-2018,2018,2018,June,3,Sunday,Q2
04-06-2018,2018,2018,June,4,Monday,Q2
05-06-2018,2018,2018,June,5,Tuesday,Q2
06-06-2018,2018,2018,June,6,Wednesday,Q2
07-06-2018,2018,2018,June,7,Thursday,Q2
08-06-2018,2018,2018,June,8,Friday,Q2
09-06-2018,2018,2018,June,9,Saturday,Q2
10-06-2018,2018,2018,June,10,Sunday,Q2
11-06-2018,2018,2018,June,11,Monday,Q2
12-06-2018,2018,2018,June,12,Tuesday,Q2
13-06-2018,2018,2018,June,13,Wednesday,Q2
14-06-2018,2018,2018,June,14,Thursday,Q2
15-06-2018,2018,2018,June,15,Friday,Q2
16-06-2018,2018,2018,June,16,Saturday,Q2
17-06-2018,2018,2018,June,17,Sunday,Q2
18-06-2018,2018,2018,June,18,Monday,Q2
19-06-2018,2018,2018,June,19,Tuesday,Q2
20-06-2018,2018,2018,June,20,Wednesday,Q2
21-06-2018,2018,2018,June,21,Thursday,Q2
22-06-2018,2018,2018,June,22,Friday,Q2
23-06-2018,2018,2018,June,23,Saturday,Q2
24-06-2018,2018,2018,June,24,Sunday,Q2
25-06-2018,2018,2018,June,25,Monday,Q2
26-06-2018,2018,2018,June,26,Tuesday,Q2
27-06-2018,2018,2018,June,27,Wednesday,Q2
28-06-2018,2018,2018,June,28,Thursday,Q2
29-06-2018,2018,2018,June,29,Friday,Q2
30-06-2018,2018,2018,June,30,Saturday,Q2
01-07-2018,2018,2018,July,1,Sunday,Q3
02-07-2018,2018,2018,July,2,Monday,Q3
03-07-2018,2018,2018,July,3,Tuesday,Q3
04-07-2018,2018,2018,July,4,Wednesday,Q3
05-07-2018,2018,2018,July,5,Thursday,Q3
06-07-2018,2018,2018,July,6,Friday,Q3
07-07-2018,2018,2018,July,7,Saturday,Q3
08-07-2018,2018,2018,July,8,Sunday,Q3
09-07-2018,2018,2018,July,9,Monday,Q3
10-07-2018,2018,2018,July,10,Tuesday,Q3
11-07-2018,2018,2018,July,11,Wednesday,Q3
12-07-2018,2018,2018,July,12,Thursday,Q3
13-07-2018,2018,2018,July,13,Friday,Q3
14-07-2018,2018,2018,July,14,Saturday,Q3
15-07-2018,2018,2018,July,15,Sunday,Q3
16-07-2018,2018,2018,July,16,Monday,Q3
17-07-2018,2018,2018,July,17,Tuesday,Q3
18-07-2018,2018,2018,July,18,Wednesday,Q3
19-07-2018,2018,2018,July,19,Thursday,Q3
20-07-2018,2018,2018,July,20,Friday,Q3
21-07-2018,2018,2018,July,21,Saturday,Q3
22-07-2018,2018,2018,July,22,Sunday,Q3
23-07-2018,2018,2018,July,23,Monday,Q3
24-07-2018,2018,2018,July,24,Tuesday,Q3
25-07-2018,2018,2018,July,25,Wednesday,Q3
26-07-2018,2018,2018,July,26,Thursday,Q3
27-07-2018,2018,2018,July,27,Friday,Q3
28-07-2018,2018,2018,July,28,Saturday,Q3
29-07-2018,2018,2018,July,29,Sunday,Q3
30-07-2018,2018,2018,July,30,Monday,Q3
31-07-2018,2018,2018,July,31,Tuesday,Q3
01-08-2018,2018,2018,August,1,Wednesday,Q3
02-08-2018,2018,2018,August,2,Thursday,Q3
03-08-2018,2018,2018,August,3,Friday,Q3
04-08-2018,2018,2018,August,4,Saturday,Q3
05-08-2018,2018,2018,August,5,Sunday,Q3
06-08-2018,2018,2018,August,6,Monday,Q3
07-08-2018,2018,2018,August,7,Tuesday,Q3
08-08-2018,2018,2018,August,8,Wednesday,Q3
09-08-2018,2018,2018,August,9,Thursday,Q3
10-08-2018,2018,2018,August,10,Friday,Q3
11-08-2018,2018,2018,August,11,Saturday,Q3
12-08-2018,2018,2018,August,12,Sunday,Q3
13-08-2018,2018,2018,August,13,Monday,Q3
14-08-2018,2018,2018,August,14,Tuesday,Q3
15-08-2018,2018,2018,August,15,Wednesday,Q3
16-08-2018,2018,2018,August,16,Thursday,Q3
17-08-2018,2018,2018,August,17,Friday,Q3
18-08-2018,2018,2018,August,18,Saturday,Q3
19-08-2018,2018,2018,August,19,Sunday,Q3
20-08-2018,2018,2018,August,20,Monday,Q3
21-08-2018,2018,2018,August,21,Tuesday,Q3
22-08-2018,2018,2018,August,22,Wednesday,Q3
23-08-2018,2018,2018,August,23,Thursday,Q3
24-08-2018,2018,2018,August,24,Friday,Q3
25-08-2018,2018,2018,August,25,Saturday,Q3
26-08-2018,2018,2018,August,26,Sunday,Q3
27-08-2018,2018,2018,August,27,Monday,Q3
28-08-2018,2018,2018,August,28,Tuesday,Q3
29-08-2018,2018,2018,August,29,Wednesday,Q3
30-08-2018,2018,2018,August,30,Thursday,Q3
31-08-2018,2018,2018,August,31,Friday,Q3
01-09-2018,2018,2018,September,1,Saturday,Q3
02-09-2018,2018,2018,September,2,Sunday,Q3
03-09-2018,2018,2018,September,3,Monday,Q3
04-09-2018,2018,2018,September,4,Tuesday,Q3
05-09-2018,2018,2018,September,5,Wednesday,Q3
06-09-2018,2018,2018,September,6,Thursday,Q3
07-09-2018,2018,2018,September,7,Friday,Q3
08-09-2018,2018,2018,September,8,Saturday,Q3
09-09-2018,2018,2018,September,9,Sunday,Q3
10-09-2018,2018,2018,September,10,Monday,Q3
11-09-2018,2018,2018,September,11,Tuesday,Q3
12-09-2018,2018,2018,September,12,Wednesday,Q3
13-09-2018,2018,2018,September,13,Thursday,Q3
14-09-2018,2018,2018,September,14,Friday,Q3
15-09-2018,2018,2018,September,15,Saturday,Q3
16-09-2018,2018,2018,September,16,Sunday,Q3
17-09-2018,2018,2018,September,17,Monday,Q3
18-09-2018,2018,2018,September,18,Tuesday,Q3
19-09-2018,2018,2018,September,19,Wednesday,Q3
20-09-2018,2018,2018,September,20,Thursday,Q3
21-09-2018,2018,2018,September,21,Friday,Q3
22-09-2018,2018,2018,September,22,Saturday,Q3
23-09-2018,2018,2018,September,23,Sunday,Q3
24-09-2018,2018,2018,September,24,Monday,Q3
25-09-2018,2018,2018,September,25,Tuesday,Q3
26-09-2018,2018,2018,September,26,Wednesday,Q3
27-09-2018,2018,2018,September,27,Thursday,Q3
28-09-2018,2018,2018,September,28,Friday,Q3
29-09-2018,2018,2018,September,29,Saturday,Q3
30-09-2018,2018,2018,September,30,Sunday,Q3
01-07-2019,2019,2019,July,1,Monday,Q3
02-07-2019,2019,2019,July,2,Tuesday,Q3
03-07-2019,2019,2019,July,3,Wednesday,Q3
04-07-2019,2019,2019,July,4,Thursday,Q3
05-07-2019,2019,2019,July,5,Friday,Q3
06-07-2019,2019,2019,July,6,Saturday,Q3
07-07-2019,2019,2019,July,7,Sunday,Q3
08-07-2019,2019,2019,July,8,Monday,Q3
09-07-2019,2019,2019,July,9,Tuesday,Q3
10-07-2019,2019,2019,July,10,Wednesday,Q3
11-07-2019,2019,2019,July,11,Thursday,Q3
12-07-2019,2019,2019,July,12,Friday,Q3
13-07-2019,2019,2019,July,13,Saturday,Q3
14-07-2019,2019,2019,July,14,Sunday,Q3
15-07-2019,2019,2019,July,15,Monday,Q3
16-07-2019,2019,2019,July,16,Tuesday,Q3
17-07-2019,2019,2019,July,17,Wednesday,Q3
18-07-2019,2019,2019,July,18,Thursday,Q3
19-07-2019,2019,2019,July,19,Friday,Q3
20-07-2019,2019,2019,July,20,Saturday,Q3
21-07-2019,2019,2019,July,21,Sunday,Q3
22-07-2019,2019,2019,July,22,Monday,Q3
23-07-2019,2019,2019,July,23,Tuesday,Q3
24-07-2019,2019,2019,July,24,Wednesday,Q3
25-07-2019,2019,2019,July,25,Thursday,Q3
26-07-2019,2019,2019,July,26,Friday,Q3
27-07-2019,2019,2019,July,27,Saturday,Q3
28-07-2019,2019,2019,July,28,Sunday,Q3
29-07-2019,2019,2019,July,29,Monday,Q3
30-07-2019,2019,2019,July,30,Tuesday,Q3
31-07-2019,2019,2019,July,31,Wednesday,Q3
01-08-2019,2019,2019,August,1,Thursday,Q3
02-08-2019,2019,2019,August,2,Friday,Q3
03-08-2019,2019,2019,August,3,Saturday,Q3
04-08-2019,2019,2019,August,4,Sunday,Q3
05-08-2019,2019,2019,August,5,Monday,Q3
06-08-2019,2019,2019,August,6,Tuesday,Q3
07-08-2019,2019,2019,August,7,Wednesday,Q3
08-08-2019,2019,2019,August,8,Thursday,Q3
09-08-2019,2019,2019,August,9,Friday,Q3
10-08-2019,2019,2019,August,10,Saturday,Q3
11-08-2019,2019,2019,August,11,Sunday,Q3
12-08-2019,2019,2019,August,12,Monday,Q3
13-08-2019,2019,2019,August,13,Tuesday,Q3
14-08-2019,2019,2019,August,14,Wednesday,Q3
15-08-2019,2019,2019,August,15,Thursday,Q3
16-08-2019,2019,2019,August,16,Friday,Q3
17-08-2019,2019,2019,August,17,Saturday,Q3
18-08-2019,2019,2019,August,18,Sunday,Q3
19-08-2019,2019,2019,August,19,Monday,Q3
20-08-2019,2019,2019,August,20,Tuesday,Q3
21-08-2019,2019,2019,August,21,Wednesday,Q3
22-08-2019,2019,2019,August,22,Thursday,Q3
23-08-2019,2019,2019,August,23,Friday,Q3
24-08-2019,2019,2019,August,24,Saturday,Q3
25-08-2019,2019,2019,August,25,Sunday,Q3
26-08-2019,2019,2019,August,26,Monday,Q3
27-08-2019,2019,2019,August,27,Tuesday,Q3
28-08-2019,2019,2019,August,28,Wednesday,Q3
29-08-2019,2019,2019,August,29,Thursday,Q3
30-08-2019,2019,2019,August,30,Friday,Q3
31-08-2019,2019,2019,August,31,Saturday,Q3
01-09-2019,2019,2019,September,1,Sunday,Q3
02-09-2019,2019,2019,September,2,Monday,Q3
03-09-2019,2019,2019,September,3,Tuesday,Q3
04-09-2019,2019,2019,September,4,Wednesday,Q3
05-09-2019,2019,2019,September,5,Thursday,Q3
06-09-2019,2019,2019,September,6,Friday,Q3
07-09-2019,2019,2019,September,7,Saturday,Q3
08-09-2019,2019,2019,September,8,Sunday,Q3
09-09-2019,2019,2019,September,9,Monday,Q3
10-09-2019,2019,2019,September,10,Tuesday,Q3
11-09-2019,2019,2019,September,11,Wednesday,Q3
12-09-2019,2019,2019,September,12,Thursday,Q3
13-09-2019,2019,2019,September,13,Friday,Q3
14-09-2019,2019,2019,September,14,Saturday,Q3
15-09-2019,2019,2019,September,15,Sunday,Q3
16-09-2019,2019,2019,September,16,Monday,Q3
17-09-2019,2019,2019,September,17,Tuesday,Q3
18-09-2019,2019,2019,September,18,Wednesday,Q3
19-09-2019,2019,2019,September,19,Thursday,Q3
20-09-2019,2019,2019,September,20,Friday,Q3
21-09-2019,2019,2019,September,21,Saturday,Q3
22-09-2019,2019,2019,September,22,Sunday,Q3
23-09-2019,2019,2019,September,23,Monday,Q3
24-09-2019,2019,2019,September,24,Tuesday,Q3
25-09-2019,2019,2019,September,25,Wednesday,Q3
26-09-2019,2019,2019,September,26,Thursday,Q3
27-09-2019,2019,2019,September,27,Friday,Q3
28-09-2019,2019,2019,September,28,Saturday,Q3
29-09-2019,2019,2019,September,29,Sunday,Q3
30-09-2019,2019,2019,September,30,Monday,Q3
01-04-2019,2019,2019,April,1,Monday,Q2
02-04-2019,2019,2019,April,2,Tuesday,Q2
03-04-2019,2019,2019,April,3,Wednesday,Q2
04-04-2019,2019,2019,April,4,Thursday,Q2
05-04-2019,2019,2019,April,5,Friday,Q2
06-04-2019,2019,2019,April,6,Saturday,Q2
07-04-2019,2019,2019,April,7,Sunday,Q2
08-04-2019,2019,2019,April,8,Monday,Q2
09-04-2019,2019,2019,April,9,Tuesday,Q2
10-04-2019,2019,2019,April,10,Wednesday,Q2
11-04-2019,2019,2019,April,11,Thursday,Q2
12-04-2019,2019,2019,April,12,Friday,Q2
13-04-2019,2019,2019,April,13,Saturday,Q2
14-04-2019,2019,2019,April,14,Sunday,Q2
15-04-2019,2019,2019,April,15,Monday,Q2
16-04-2019,2019,2019,April,16,Tuesday,Q2
17-04-2019,2019,2019,April,17,Wednesday,Q2
18-04-2019,2019,2019,April,18,Thursday,Q2
19-04-2019,2019,2019,April,19,Friday,Q2
20-04-2019,2019,2019,April,20,Saturday,Q2
21-04-2019,2019,2019,April,21,Sunday,Q2
22-04-2019,2019,2019,April,22,Monday,Q2
23-04-2019,2019,2019,April,23,Tuesday,Q2
24-04-2019,2019,2019,April,24,Wednesday,Q2
25-04-2019,2019,2019,April,25,Thursday,Q2
26-04-2019,2019,2019,April,26,Friday,Q2
27-04-2019,2019,2019,April,27,Saturday,Q2
28-04-2019,2019,2019,April,28,Sunday,Q2
29-04-2019,2019,2019,April,29,Monday,Q2
30-04-2019,2019,2019,April,30,Tuesday,Q2
01-05-2019,2019,2019,May,1,Wednesday,Q2
02-05-2019,2019,2019,May,2,Thursday,Q2
03-05-2019,2019,2019,May,3,Friday,Q2
04-05-2019,2019,2019,May,4,Saturday,Q2
05-05-2019,2019,2019,May,5,Sunday,Q2
06-05-2019,2019,2019,May,6,Monday,Q2
07-05-2019,2019,2019,May,7,Tuesday,Q2
08-05-2019,2019,2019,May,8,Wednesday,Q2
09-05-2019,2019,2019,May,9,Thursday,Q2
10-05-2019,2019,2019,May,10,Friday,Q2
11-05-2019,2019,2019,May,11,Saturday,Q2
12-05-2019,2019,2019,May,12,Sunday,Q2
13-05-2019,2019,2019,May,13,Monday,Q2
14-05-2019,2019,2019,May,14,Tuesday,Q2
15-05-2019,2019,2019,May,15,Wednesday,Q2
16-05-2019,2019,2019,May,16,Thursday,Q2
17-05-2019,2019,2019,May,17,Friday,Q2
18-05-2019,2019,2019,May,18,Saturday,Q2
19-05-2019,2019,2019,May,19,Sunday,Q2
20-05-2019,2019,2019,May,20,Monday,Q2
21-05-2019,2019,2019,May,21,Tuesday,Q2
22-05-2019,2019,2019,May,22,Wednesday,Q2
23-05-2019,2019,2019,May,23,Thursday,Q2
24-05-2019,2019,2019,May,24,Friday,Q2
25-05-2019,2019,2019,May,25,Saturday,Q2
26-05-2019,2019,2019,May,26,Sunday,Q2
27-05-2019,2019,2019,May,27,Monday,Q2
28-05-2019,2019,2019,May,28,Tuesday,Q2
29-05-2019,2019,2019,May,29,Wednesday,Q2
30-05-2019,2019,2019,May,30,Thursday,Q2
31-05-2019,2019,2019,May,31,Friday,Q2
01-06-2019,2019,2019,June,1,Saturday,Q2
02-06-2019,2019,2019,June,2,Sunday,Q2
03-06-2019,2019,2019,June,3,Monday,Q2
04-06-2019,2019,2019,June,4,Tuesday,Q2
05-06-2019,2019,2019,June,5,Wednesday,Q2
06-06-2019,2019,2019,June,6,Thursday,Q2
07-06-2019,2019,2019,June,7,Friday,Q2
08-06-2019,2019,2019,June,8,Saturday,Q2
09-06-2019,2019,2019,June,9,Sunday,Q2
10-06-2019,2019,2019,June,10,Monday,Q2
11-06-2019,2019,2019,June,11,Tuesday,Q2
12-06-2019,2019,2019,June,12,Wednesday,Q2
13-06-2019,2019,2019,June,13,Thursday,Q2
14-06-2019,2019,2019,June,14,Friday,Q2
15-06-2019,2019,2019,June,15,Saturday,Q2
16-06-2019,2019,2019,June,16,Sunday,Q2
17-06-2019,2019,2019,June,17,Monday,Q2
18-06-2019,2019,2019,June,18,Tuesday,Q2
19-06-2019,2019,2019,June,19,Wednesday,Q2
20-06-2019,2019,2019,June,20,Thursday,Q2
21-06-2019,2019,2019,June,21,Friday,Q2
22-06-2019,2019,2019,June,22,Saturday,Q2
23-06-2019,2019,2019,June,23,Sunday,Q2
24-06-2019,2019,2019,June,24,Monday,Q2
25-06-2019,2019,2019,June,25,Tuesday,Q2
26-06-2019,2019,2019,June,26,Wednesday,Q2
27-06-2019,2019,2019,June,27,Thursday,Q2
28-06-2019,2019,2019,June,28,Friday,Q2
29-06-2019,2019,2019,June,29,Saturday,Q2
30-06-2019,2019,2019,June,30,Sunday,Q2
01-10-2019,2019,2019,October,1,Tuesday,Q4
02-10-2019,2019,2019,October,2,Wednesday,Q4
03-10-2019,2019,2019,October,3,Thursday,Q4
04-10-2019,2019,2019,October,4,Friday,Q4
05-10-2019,2019,2019,October,5,Saturday,Q4
06-10-2019,2019,2019,October,6,Sunday,Q4
07-10-2019,2019,2019,October,7,Monday,Q4
08-10-2019,2019,2019,October,8,Tuesday,Q4
09-10-2019,2019,2019,October,9,Wednesday,Q4
10-10-2019,2019,2019,October,10,Thursday,Q4
11-10-2019,2019,2019,October,11,Friday,Q4
12-10-2019,2019,2019,October,12,Saturday,Q4
13-10-2019,2019,2019,October,13,Sunday,Q4
14-10-2019,2019,2019,October,14,Monday,Q4
15-10-2019,2019,2019,October,15,Tuesday,Q4
16-10-2019,2019,2019,October,16,Wednesday,Q4
17-10-2019,2019,2019,October,17,Thursday,Q4
18-10-2019,2019,2019,October,18,Friday,Q4
19-10-2019,2019,2019,October,19,Saturday,Q4
20-10-2019,2019,2019,October,20,Sunday,Q4
21-10-2019,2019,2019,October,21,Monday,Q4
22-10-2019,2019,2019,October,22,Tuesday,Q4
23-10-2019,2019,2019,October,23,Wednesday,Q4
24-10-2019,2019,2019,October,24,Thursday,Q4
25-10-2019,2019,2019,October,25,Friday,Q4
26-10-2019,2019,2019,October,26,Saturday,Q4
27-10-2019,2019,2019,October,27,Sunday,Q4
28-10-2019,2019,2019,October,28,Monday,Q4
29-10-2019,2019,2019,October,29,Tuesday,Q4
30-10-2019,2019,2019,October,30,Wednesday,Q4
31-10-2019,2019,2019,October,31,Thursday,Q4
01-11-2019,2019,2019,November,1,Friday,Q4
02-11-2019,2019,2019,November,2,Saturday,Q4
03-11-2019,2019,2019,November,3,Sunday,Q4
04-11-2019,2019,2019,November,4,Monday,Q4
05-11-2019,2019,2019,November,5,Tuesday,Q4
06-11-2019,2019,2019,November,6,Wednesday,Q4
07-11-2019,2019,2019,November,7,Thursday,Q4
08-11-2019,2019,2019,November,8,Friday,Q4
09-11-2019,2019,2019,November,9,Saturday,Q4
10-11-2019,2019,2019,November,10,Sunday,Q4
11-11-2019,2019,2019,November,11,Monday,Q4
12-11-2019,2019,2019,November,12,Tuesday,Q4
13-11-2019,2019,2019,November,13,Wednesday,Q4
14-11-2019,2019,2019,November,14,Thursday,Q4
15-11-2019,2019,2019,November,15,Friday,Q4
16-11-2019,2019,2019,November,16,Saturday,Q4
17-11-2019,2019,2019,November,17,Sunday,Q4
18-11-2019,2019,2019,November,18,Monday,Q4
19-11-2019,2019,2019,November,19,Tuesday,Q4
20-11-2019,2019,2019,November,20,Wednesday,Q4
21-11-2019,2019,2019,November,21,Thursday,Q4
22-11-2019,2019,2019,November,22,Friday,Q4
23-11-2019,2019,2019,November,23,Saturday,Q4
24-11-2019,2019,2019,November,24,Sunday,Q4
25-11-2019,2019,2019,November,25,Monday,Q4
26-11-2019,2019,2019,November,26,Tuesday,Q4
27-11-2019,2019,2019,November,27,Wednesday,Q4
28-11-2019,2019,2019,November,28,Thursday,Q4
29-11-2019,2019,2019,November,29,Friday,Q4
30-11-2019,2019,2019,November,30,Saturday,Q4
01-12-2019,2019,2019,December,1,Sunday,Q4
02-12-2019,2019,2019,December,2,Monday,Q4
03-12-2019,2019,2019,December,3,Tuesday,Q4
04-12-2019,2019,2019,December,4,Wednesday,Q4
05-12-2019,2019,2019,December,5,Thursday,Q4
06-12-2019,2019,2019,December,6,Friday,Q4
07-12-2019,2019,2019,December,7,Saturday,Q4
08-12-2019,2019,2019,December,8,Sunday,Q4
09-12-2019,2019,2019,December,9,Monday,Q4
10-12-2019,2019,2019,December,10,Tuesday,Q4
11-12-2019,2019,2019,December,11,Wednesday,Q4
12-12-2019,2019,2019,December,12,Thursday,Q4
13-12-2019,2019,2019,December,13,Friday,Q4
14-12-2019,2019,2019,December,14,Saturday,Q4
15-12-2019,2019,2019,December,15,Sunday,Q4
16-12-2019,2019,2019,December,16,Monday,Q4
17-12-2019,2019,2019,December,17,Tuesday,Q4
18-12-2019,2019,2019,December,18,Wednesday,Q4
19-12-2019,2019,2019,December,19,Thursday,Q4
20-12-2019,2019,2019,December,20,Friday,Q4
21-12-2019,2019,2019,December,21,Saturday,Q4
22-12-2019,2019,2019,December,22,Sunday,Q4
23-12-2019,2019,2019,December,23,Monday,Q4
24-12-2019,2019,2019,December,24,Tuesday,Q4
25-12-2019,2019,2019,December,25,Wednesday,Q4
26-12-2019,2019,2019,December,26,Thursday,Q4
27-12-2019,2019,2019,December,27,Friday,Q4
28-12-2019,2019,2019,December,28,Saturday,Q4
29-12-2019,2019,2019,December,29,Sunday,Q4
30-12-2019,2019,2019,December,30,Monday,Q4
31-12-2019,2019,2019,December,31,Tuesday,Q4
01-01-2019,2019,2019,January,1,Tuesday,Q1
02-01-2019,2019,2019,January,2,Wednesday,Q1
03-01-2019,2019,2019,January,3,Thursday,Q1
04-01-2019,2019,2019,January,4,Friday,Q1
05-01-2019,2019,2019,January,5,Saturday,Q1
06-01-2019,2019,2019,January,6,Sunday,Q1
07-01-2019,2019,2019,January,7,Monday,Q1
08-01-2019,2019,2019,January,8,Tuesday,Q1
09-01-2019,2019,2019,January,9,Wednesday,Q1
10-01-2019,2019,2019,January,10,Thursday,Q1
11-01-2019,2019,2019,January,11,Friday,Q1
12-01-2019,2019,2019,January,12,Saturday,Q1
13-01-2019,2019,2019,January,13,Sunday,Q1
14-01-2019,2019,2019,January,14,Monday,Q1
15-01-2019,2019,2019,January,15,Tuesday,Q1
16-01-2019,2019,2019,January,16,Wednesday,Q1
17-01-2019,2019,2019,January,17,Thursday,Q1
18-01-2019,2019,2019,January,18,Friday,Q1
19-01-2019,2019,2019,January,19,Saturday,Q1
20-01-2019,2019,2019,January,20,Sunday,Q1
21-01-2019,2019,2019,January,21,Monday,Q1
22-01-2019,2019,2019,January,22,Tuesday,Q1
23-01-2019,2019,2019,January,23,Wednesday,Q1
24-01-2019,2019,2019,January,24,Thursday,Q1
25-01-2019,2019,2019,January,25,Friday,Q1
26-01-2019,2019,2019,January,26,Saturday,Q1
27-01-2019,2019,2019,January,27,Sunday,Q1
28-01-2019,2019,2019,January,28,Monday,Q1
29-01-2019,2019,2019,January,29,Tuesday,Q1
30-01-2019,2019,2019,January,30,Wednesday,Q1
31-01-2019,2019,2019,January,31,Thursday,Q1
01-02-2019,2019,2019,February,1,Friday,Q1
02-02-2019,2019,2019,February,2,Saturday,Q1
03-02-2019,2019,2019,February,3,Sunday,Q1
04-02-2019,2019,2019,February,4,Monday,Q1
05-02-2019,2019,2019,February,5,Tuesday,Q1
06-02-2019,2019,2019,February,6,Wednesday,Q1
07-02-2019,2019,2019,February,7,Thursday,Q1
08-02-2019,2019,2019,February,8,Friday,Q1
09-02-2019,2019,2019,February,9,Saturday,Q1
10-02-2019,2019,2019,February,10,Sunday,Q1
11-02-2019,2019,2019,February,11,Monday,Q1
12-02-2019,2019,2019,February,12,Tuesday,Q1
13-02-2019,2019,2019,February,13,Wednesday,Q1
14-02-2019,2019,2019,February,14,Thursday,Q1
15-02-2019,2019,2019,February,15,Friday,Q1
16-02-2019,2019,2019,February,16,Saturday,Q1
17-02-2019,2019,2019,February,17,Sunday,Q1
18-02-2019,2019,2019,February,18,Monday,Q1
19-02-2019,2019,2019,February,19,Tuesday,Q1
20-02-2019,2019,2019,February,20,Wednesday,Q1
21-02-2019,2019,2019,February,21,Thursday,Q1
22-02-2019,2019,2019,February,22,Friday,Q1
23-02-2019,2019,2019,February,23,Saturday,Q1
24-02-2019,2019,2019,February,24,Sunday,Q1
25-02-2019,2019,2019,February,25,Monday,Q1
26-02-2019,2019,2019,February,26,Tuesday,Q1
27-02-2019,2019,2019,February,27,Wednesday,Q1
28-02-2019,2019,2019,February,28,Thursday,Q1
01-03-2019,2019,2019,March,1,Friday,Q1
02-03-2019,2019,2019,March,2,Saturday,Q1
03-03-2019,2019,2019,March,3,Sunday,Q1
04-03-2019,2019,2019,March,4,Monday,Q1
05-03-2019,2019,2019,March,5,Tuesday,Q1
06-03-2019,2019,2019,March,6,Wednesday,Q1
07-03-2019,2019,2019,March,7,Thursday,Q1
08-03-2019,2019,2019,March,8,Friday,Q1
09-03-2019,2019,2019,March,9,Saturday,Q1
10-03-2019,2019,2019,March,10,Sunday,Q1
11-03-2019,2019,2019,March,11,Monday,Q1
12-03-2019,2019,2019,March,12,Tuesday,Q1
13-03-2019,2019,2019,March,13,Wednesday,Q1
14-03-2019,2019,2019,March,14,Thursday,Q1
15-03-2019,2019,2019,March,15,Friday,Q1
16-03-2019,2019,2019,March,16,Saturday,Q1
17-03-2019,2019,2019,March,17,Sunday,Q1
18-03-2019,2019,2019,March,18,Monday,Q1
19-03-2019,2019,2019,March,19,Tuesday,Q1
20-03-2019,2019,2019,March,20,Wednesday,Q1
21-03-2019,2019,2019,March,21,Thursday,Q1
22-03-2019,2019,2019,March,22,Friday,Q1
23-03-2019,2019,2019,March,23,Saturday,Q1
24-03-2019,2019,2019,March,24,Sunday,Q1
25-03-2019,2019,2019,March,25,Monday,Q1
26-03-2019,2019,2019,March,26,Tuesday,Q1
27-03-2019,2019,2019,March,27,Wednesday,Q1
28-03-2019,2019,2019,March,28,Thursday,Q1
29-03-2019,2019,2019,March,29,Friday,Q1
30-03-2019,2019,2019,March,30,Saturday,Q1
31-03-2019,2019,2019,March,31,Sunday,Q1
